,Short Name,Table Name,Region,Income Group,Cluster_1964-1973,Cluster_1974-1983,Cluster_1984-1993,Cluster_1994-2003,Cluster_2004-2013,Cluster_2014-2024
ABW,Aruba,Aruba,Latin America & Caribbean,High income,2.0,2.0,2.0,2.0,2.0,2.0
AFG,Afghanistan,Afghanistan,Middle East & North Africa,Low income,0.0,0.0,0.0,0.0,0.0,0.0
AGO,Angola,Angola,Sub-Saharan Africa,Lower middle income,0.0,0.0,0.0,0.0,0.0,0.0
ALB,Albania,Albania,Europe & Central Asia,Upper middle income,1.0,1.0,1.0,1.0,1.0,1.0
AND,Andorra,Andorra,Europe & Central Asia,High income,2.0,2.0,2.0,2.0,2.0,2.0
ARE,United Arab Emirates,United Arab Emirates,Middle East & North Africa,High income,2.0,2.0,2.0,2.0,2.0,2.0
ARG,Argentina,Argentina,Latin America & Caribbean,Upper middle income,2.0,1.0,1.0,1.0,1.0,1.0
ARM,Armenia,Armenia,Europe & Central Asia,Upper middle income,1.0,1.0,1.0,1.0,1.0,1.0
ASM,American Samoa,American Samoa,East Asia & Pacific,High income,1.0,1.0,1.0,1.0,1.0,
ATG,Antigua and Barbuda,Antigua and Barbuda,Latin America & Caribbean,High income,1.0,1.0,1.0,1.0,2.0,1.0
AUS,Australia,Australia,East Asia & Pacific,High income,2.0,2.0,2.0,2.0,2.0,2.0
AUT,Austria,Austria,Europe & Central Asia,High income,2.0,2.0,2.0,2.0,2.0,2.0
AZE,Azerbaijan,Azerbaijan,Europe & Central Asia,Upper middle income,1.0,1.0,1.0,1.0,1.0,1.0
BDI,Burundi,Burundi,Sub-Saharan Africa,Low income,0.0,0.0,0.0,0.0,0.0,0.0
BEL,Belgium,Belgium,Europe & Central Asia,High income,2.0,2.0,2.0,2.0,2.0,2.0
BEN,Benin,Benin,Sub-Saharan Africa,Lower middle income,0.0,0.0,0.0,0.0,0.0,0.0
BFA,Burkina Faso,Burkina Faso,Sub-Saharan Africa,Low income,0.0,0.0,0.0,0.0,0.0,0.0
BGD,Bangladesh,Bangladesh,South Asia,Lower middle income,0.0,0.0,0.0,0.0,0.0,1.0
BGR,Bulgaria,Bulgaria,Europe & Central Asia,High income,2.0,1.0,1.0,1.0,1.0,1.0
BHR,Bahrain,Bahrain,Middle East & North Africa,High income,1.0,1.0,2.0,2.0,2.0,2.0
BHS,"Bahamas, The","Bahamas, The",Latin America & Caribbean,High income,2.0,2.0,2.0,2.0,2.0,2.0
BIH,Bosnia and Herzegovina,Bosnia and Herzegovina,Europe & Central Asia,Upper middle income,1.0,,1.0,1.0,1.0,1.0
BLR,Belarus,Belarus,Europe & Central Asia,Upper middle income,2.0,1.0,1.0,1.0,1.0,2.0
BLZ,Belize,Belize,Latin America & Caribbean,Upper middle income,1.0,1.0,1.0,1.0,1.0,1.0
BMU,Bermuda,Bermuda,North America,High income,2.0,2.0,2.0,2.0,2.0,2.0
BOL,"Bolivia, Plurinational State of",Bolivia,Latin America & Caribbean,Lower middle income,0.0,0.0,1.0,1.0,1.0,1.0
BRA,Brazil,Brazil,Latin America & Caribbean,Upper middle income,1.0,1.0,1.0,1.0,1.0,1.0
BRB,Barbados,Barbados,Latin America & Caribbean,High income,2.0,2.0,1.0,2.0,2.0,2.0
BRN,Brunei Darussalam,Brunei Darussalam,East Asia & Pacific,High income,1.0,2.0,2.0,2.0,2.0,2.0
BTN,Bhutan,Bhutan,South Asia,Lower middle income,0.0,0.0,0.0,0.0,1.0,1.0
BWA,Botswana,Botswana,Sub-Saharan Africa,Upper middle income,1.0,0.0,0.0,1.0,1.0,1.0
CAF,Central African Republic,Central African Republic,Sub-Saharan Africa,Low income,0.0,0.0,0.0,0.0,0.0,0.0
CAN,Canada,Canada,North America,High income,2.0,2.0,2.0,2.0,2.0,2.0
CHE,Switzerland,Switzerland,Europe & Central Asia,High income,2.0,2.0,2.0,2.0,2.0,2.0
CHI,Channel Islands,Channel Islands,Europe & Central Asia,High income,,,,,,
CHL,Chile,Chile,Latin America & Caribbean,High income,1.0,1.0,1.0,1.0,1.0,2.0
CHN,China,China,East Asia & Pacific,Upper middle income,1.0,1.0,1.0,1.0,1.0,1.0
CIV,Côte d'Ivoire,Côte d'Ivoire,Sub-Saharan Africa,Lower middle income,0.0,0.0,0.0,0.0,0.0,0.0
CMR,Cameroon,Cameroon,Sub-Saharan Africa,Lower middle income,0.0,0.0,0.0,0.0,0.0,0.0
COD,"Congo, Democratic Republic of","Congo, Dem. Rep.",Sub-Saharan Africa,Low income,0.0,0.0,0.0,0.0,0.0,0.0
COG,"Congo, Republic of","Congo, Rep.",Sub-Saharan Africa,Lower middle income,1.0,1.0,1.0,0.0,0.0,0.0
COL,Colombia,Colombia,Latin America & Caribbean,Upper middle income,1.0,1.0,1.0,1.0,1.0,1.0
COM,Comoros,Comoros,Sub-Saharan Africa,Lower middle income,0.0,0.0,0.0,0.0,0.0,0.0
CPV,Cabo Verde,Cabo Verde,Sub-Saharan Africa,Upper middle income,1.0,0.0,0.0,1.0,1.0,1.0
CRI,Costa Rica,Costa Rica,Latin America & Caribbean,High income,1.0,1.0,1.0,1.0,1.0,1.0
CUB,Cuba,Cuba,Latin America & Caribbean,Upper middle income,1.0,1.0,1.0,1.0,1.0,1.0
CUW,Curaçao,Curaçao,Latin America & Caribbean,High income,,,,,2.0,2.0
CYM,Cayman Islands,Cayman Islands,Latin America & Caribbean,High income,2.0,2.0,2.0,2.0,2.0,2.0
CYP,Cyprus,Cyprus,Europe & Central Asia,High income,2.0,1.0,2.0,2.0,2.0,2.0
CZE,Czechia,Czechia,Europe & Central Asia,High income,2.0,2.0,1.0,2.0,2.0,2.0
DEU,Germany,Germany,Europe & Central Asia,High income,2.0,2.0,2.0,2.0,2.0,2.0
DJI,Djibouti,Djibouti,Middle East & North Africa,Lower middle income,1.0,0.0,0.0,1.0,0.0,0.0
DMA,Dominica,Dominica,Latin America & Caribbean,Upper middle income,1.0,1.0,1.0,1.0,1.0,1.0
DNK,Denmark,Denmark,Europe & Central Asia,High income,2.0,2.0,2.0,2.0,2.0,2.0
DOM,Dominican Republic,Dominican Republic,Latin America & Caribbean,Upper middle income,1.0,1.0,1.0,1.0,1.0,1.0
DZA,Algeria,Algeria,Middle East & North Africa,Upper middle income,0.0,0.0,1.0,1.0,1.0,1.0
ECU,Ecuador,Ecuador,Latin America & Caribbean,Upper middle income,1.0,1.0,1.0,1.0,1.0,1.0
EGY,"Egypt, Arab Republic of","Egypt, Arab Rep.",Middle East & North Africa,Lower middle income,0.0,0.0,1.0,1.0,1.0,1.0
ERI,Eritrea,Eritrea,Sub-Saharan Africa,Low income,0.0,0.0,0.0,0.0,0.0,0.0
ESP,Spain,Spain,Europe & Central Asia,High income,2.0,2.0,2.0,2.0,2.0,2.0
EST,Estonia,Estonia,Europe & Central Asia,High income,2.0,2.0,1.0,2.0,2.0,2.0
ETH,Ethiopia,Ethiopia,Sub-Saharan Africa,Low income,0.0,0.0,0.0,0.0,0.0,0.0
FIN,Finland,Finland,Europe & Central Asia,High income,2.0,2.0,2.0,2.0,2.0,2.0
FJI,Fiji,Fiji,East Asia & Pacific,Upper middle income,1.0,1.0,1.0,1.0,1.0,1.0
FRA,France,France,Europe & Central Asia,High income,2.0,2.0,2.0,2.0,2.0,2.0
FRO,Faroe Islands,Faroe Islands,Europe & Central Asia,High income,2.0,2.0,2.0,2.0,2.0,2.0
FSM,"Micronesia, Federated States of","Micronesia, Fed. Sts.",East Asia & Pacific,Upper middle income,1.0,1.0,1.0,1.0,1.0,1.0
GAB,Gabon,Gabon,Sub-Saharan Africa,Upper middle income,1.0,1.0,1.0,1.0,1.0,1.0
GBR,United Kingdom,United Kingdom,Europe & Central Asia,High income,2.0,2.0,2.0,2.0,2.0,2.0
GEO,Georgia,Georgia,Europe & Central Asia,Upper middle income,2.0,1.0,1.0,1.0,1.0,1.0
GHA,Ghana,Ghana,Sub-Saharan Africa,Lower middle income,0.0,0.0,0.0,0.0,0.0,0.0
GIB,Gibraltar,Gibraltar,Europe & Central Asia,High income,2.0,2.0,2.0,2.0,2.0,2.0
GIN,Guinea,Guinea,Sub-Saharan Africa,Lower middle income,0.0,0.0,0.0,0.0,0.0,0.0
GMB,"Gambia, The","Gambia, The",Sub-Saharan Africa,Low income,0.0,0.0,0.0,0.0,0.0,0.0
GNB,Guinea-Bissau,Guinea-Bissau,Sub-Saharan Africa,Low income,0.0,0.0,0.0,0.0,0.0,0.0
GNQ,Equatorial Guinea,Equatorial Guinea,Sub-Saharan Africa,Upper middle income,0.0,0.0,0.0,0.0,0.0,0.0
GRC,Greece,Greece,Europe & Central Asia,High income,2.0,2.0,2.0,2.0,2.0,2.0
GRD,Grenada,Grenada,Latin America & Caribbean,Upper middle income,1.0,1.0,1.0,1.0,1.0,1.0
GRL,Greenland,Greenland,Europe & Central Asia,High income,1.0,2.0,2.0,2.0,2.0,2.0
GTM,Guatemala,Guatemala,Latin America & Caribbean,Upper middle income,0.0,0.0,0.0,0.0,1.0,1.0
GUM,Guam,Guam,East Asia & Pacific,High income,2.0,2.0,2.0,2.0,2.0,2.0
GUY,Guyana,Guyana,Latin America & Caribbean,High income,1.0,1.0,1.0,1.0,1.0,1.0
HKG,"Hong Kong SAR, China","Hong Kong SAR, China",East Asia & Pacific,High income,2.0,2.0,2.0,2.0,2.0,2.0
HND,Honduras,Honduras,Latin America & Caribbean,Lower middle income,0.0,0.0,0.0,1.0,1.0,1.0
HRV,Croatia,Croatia,Europe & Central Asia,High income,2.0,1.0,1.0,1.0,2.0,1.0
HTI,Haiti,Haiti,Latin America & Caribbean,Lower middle income,0.0,0.0,0.0,0.0,0.0,0.0
HUN,Hungary,Hungary,Europe & Central Asia,High income,2.0,1.0,1.0,2.0,2.0,2.0
IDN,Indonesia,Indonesia,East Asia & Pacific,Upper middle income,0.0,0.0,1.0,1.0,1.0,1.0
IMN,Isle of Man,Isle of Man,Europe & Central Asia,High income,,,,,,
IND,India,India,South Asia,Lower middle income,0.0,0.0,0.0,0.0,0.0,1.0
IRL,Ireland,Ireland,Europe & Central Asia,High income,2.0,1.0,2.0,2.0,2.0,2.0
IRN,"Iran, Islamic Republic of","Iran, Islamic Rep.",Middle East & North Africa,Upper middle income,1.0,0.0,1.0,1.0,1.0,1.0
IRQ,Iraq,Iraq,Middle East & North Africa,Upper middle income,1.0,1.0,1.0,1.0,0.0,1.0
ISL,Iceland,Iceland,Europe & Central Asia,High income,2.0,2.0,2.0,2.0,2.0,2.0
ISR,Israel,Israel,Middle East & North Africa,High income,2.0,2.0,2.0,2.0,2.0,2.0
ITA,Italy,Italy,Europe & Central Asia,High income,2.0,2.0,2.0,2.0,2.0,2.0
JAM,Jamaica,Jamaica,Latin America & Caribbean,Upper middle income,1.0,1.0,1.0,1.0,1.0,1.0
JOR,Jordan,Jordan,Middle East & North Africa,Upper middle income,1.0,1.0,1.0,1.0,1.0,1.0
JPN,Japan,Japan,East Asia & Pacific,High income,2.0,2.0,2.0,2.0,2.0,2.0
KAZ,Kazakhstan,Kazakhstan,Europe & Central Asia,Upper middle income,1.0,1.0,1.0,1.0,1.0,1.0
KEN,Kenya,Kenya,Sub-Saharan Africa,Lower middle income,1.0,0.0,0.0,0.0,0.0,0.0
KGZ,Kyrgyz Republic,Kyrgyz Republic,Europe & Central Asia,Lower middle income,1.0,1.0,1.0,1.0,1.0,1.0
KHM,Cambodia,Cambodia,East Asia & Pacific,Lower middle income,0.0,0.0,0.0,0.0,0.0,1.0
KIR,Kiribati,Kiribati,East Asia & Pacific,Lower middle income,1.0,0.0,1.0,1.0,1.0,1.0
KNA,St. Kitts and Nevis,St. Kitts and Nevis,Latin America & Caribbean,High income,1.0,1.0,1.0,1.0,2.0,1.0
KOR,Korea,"Korea, Rep.",East Asia & Pacific,High income,1.0,1.0,1.0,2.0,2.0,2.0
KWT,Kuwait,Kuwait,Middle East & North Africa,High income,2.0,2.0,2.0,2.0,2.0,2.0
LAO,Lao PDR,Lao PDR,East Asia & Pacific,Lower middle income,0.0,0.0,0.0,0.0,0.0,0.0
LBN,Lebanon,Lebanon,Middle East & North Africa,Lower middle income,1.0,1.0,1.0,1.0,1.0,1.0
LBR,Liberia,Liberia,Sub-Saharan Africa,Low income,0.0,0.0,0.0,0.0,0.0,0.0
LBY,Libya,Libya,Middle East & North Africa,Upper middle income,1.0,1.0,1.0,1.0,1.0,1.0
LCA,St. Lucia,St. Lucia,Latin America & Caribbean,Upper middle income,1.0,1.0,1.0,1.0,1.0,1.0
LIE,Liechtenstein,Liechtenstein,Europe & Central Asia,High income,2.0,2.0,2.0,2.0,2.0,2.0
LKA,Sri Lanka,Sri Lanka,South Asia,Upper middle income,1.0,1.0,1.0,1.0,1.0,1.0
LSO,Lesotho,Lesotho,Sub-Saharan Africa,Lower middle income,0.0,0.0,0.0,0.0,0.0,0.0
LTU,Lithuania,Lithuania,Europe & Central Asia,High income,2.0,1.0,1.0,1.0,2.0,1.0
LUX,Luxembourg,Luxembourg,Europe & Central Asia,High income,2.0,2.0,2.0,2.0,2.0,2.0
LVA,Latvia,Latvia,Europe & Central Asia,High income,2.0,2.0,1.0,1.0,1.0,1.0
MAC,"Macao SAR, China","Macao SAR, China",East Asia & Pacific,High income,1.0,1.0,2.0,2.0,2.0,2.0
MAF,St. Martin (French part),St. Martin (French part),Latin America & Caribbean,High income,,,,,,
MAR,Morocco,Morocco,Middle East & North Africa,Lower middle income,0.0,0.0,0.0,1.0,1.0,1.0
MCO,Monaco,Monaco,Europe & Central Asia,High income,2.0,2.0,2.0,2.0,2.0,2.0
MDA,Moldova,Moldova,Europe & Central Asia,Upper middle income,1.0,1.0,1.0,1.0,1.0,1.0
MDG,Madagascar,Madagascar,Sub-Saharan Africa,Low income,0.0,0.0,0.0,0.0,0.0,0.0
MDV,Maldives,Maldives,South Asia,Upper middle income,0.0,0.0,1.0,1.0,1.0,1.0
MEX,Mexico,Mexico,Latin America & Caribbean,Upper middle income,1.0,1.0,1.0,1.0,1.0,1.0
MHL,Marshall Islands,Marshall Islands,East Asia & Pacific,Upper middle income,1.0,1.0,1.0,1.0,1.0,1.0
MKD,North Macedonia,North Macedonia,Europe & Central Asia,Upper middle income,2.0,1.0,1.0,1.0,1.0,1.0
MLI,Mali,Mali,Sub-Saharan Africa,Low income,0.0,0.0,0.0,0.0,0.0,0.0
MLT,Malta,Malta,Middle East & North Africa,High income,2.0,2.0,2.0,2.0,2.0,2.0
MMR,Myanmar,Myanmar,East Asia & Pacific,Lower middle income,0.0,0.0,0.0,0.0,0.0,0.0
MNE,Montenegro,Montenegro,Europe & Central Asia,Upper middle income,,,,2.0,1.0,2.0
MNG,Mongolia,Mongolia,East Asia & Pacific,Upper middle income,1.0,1.0,1.0,1.0,1.0,1.0
MNP,Northern Mariana Islands,Northern Mariana Islands,East Asia & Pacific,High income,1.0,,2.0,2.0,2.0,2.0
MOZ,Mozambique,Mozambique,Sub-Saharan Africa,Low income,0.0,0.0,0.0,0.0,0.0,0.0
MRT,Mauritania,Mauritania,Sub-Saharan Africa,Lower middle income,0.0,0.0,0.0,0.0,0.0,0.0
MUS,Mauritius,Mauritius,Sub-Saharan Africa,Upper middle income,1.0,1.0,1.0,1.0,1.0,1.0
MWI,Malawi,Malawi,Sub-Saharan Africa,Low income,0.0,0.0,0.0,0.0,0.0,0.0
MYS,Malaysia,Malaysia,East Asia & Pacific,Upper middle income,1.0,1.0,1.0,1.0,1.0,1.0
NAM,Namibia,Namibia,Sub-Saharan Africa,Lower middle income,1.0,1.0,0.0,1.0,0.0,0.0
NCL,New Caledonia,New Caledonia,East Asia & Pacific,High income,1.0,1.0,1.0,1.0,1.0,1.0
NER,Niger,Niger,Sub-Saharan Africa,Low income,0.0,0.0,0.0,0.0,0.0,0.0
NGA,Nigeria,Nigeria,Sub-Saharan Africa,Lower middle income,0.0,0.0,0.0,0.0,0.0,0.0
NIC,Nicaragua,Nicaragua,Latin America & Caribbean,Lower middle income,1.0,0.0,0.0,1.0,1.0,1.0
NLD,Netherlands,Netherlands,Europe & Central Asia,High income,2.0,2.0,2.0,2.0,2.0,2.0
NOR,Norway,Norway,Europe & Central Asia,High income,2.0,2.0,2.0,2.0,2.0,2.0
NPL,Nepal,Nepal,South Asia,Lower middle income,0.0,0.0,0.0,0.0,0.0,1.0
NRU,Naoero,Naoero,East Asia & Pacific,High income,2.0,2.0,1.0,1.0,1.0,1.0
NZL,New Zealand,New Zealand,East Asia & Pacific,High income,2.0,2.0,2.0,2.0,2.0,2.0
OMN,Oman,Oman,Middle East & North Africa,High income,1.0,0.0,1.0,1.0,1.0,1.0
PAK,Pakistan,Pakistan,Middle East & North Africa,Lower middle income,0.0,0.0,0.0,0.0,0.0,0.0
PAN,Panama,Panama,Latin America & Caribbean,High income,1.0,1.0,1.0,1.0,1.0,1.0
PER,Peru,Peru,Latin America & Caribbean,Upper middle income,1.0,1.0,1.0,1.0,1.0,1.0
PHL,Philippines,Philippines,East Asia & Pacific,Upper middle income,1.0,1.0,1.0,1.0,1.0,1.0
PLW,Palau,Palau,East Asia & Pacific,High income,1.0,1.0,1.0,2.0,1.0,2.0
PNG,Papua New Guinea,Papua New Guinea,East Asia & Pacific,Lower middle income,0.0,0.0,0.0,0.0,0.0,0.0
POL,Poland,Poland,Europe & Central Asia,High income,2.0,1.0,1.0,1.0,1.0,1.0
PRI,Puerto Rico (US),Puerto Rico (US),Latin America & Caribbean,High income,1.0,1.0,2.0,2.0,2.0,2.0
PRK,"Korea, Democratic People’s Republic of","Korea, Dem. People's Rep.",East Asia & Pacific,Low income,1.0,1.0,1.0,,1.0,1.0
PRT,Portugal,Portugal,Europe & Central Asia,High income,2.0,1.0,1.0,2.0,2.0,2.0
PRY,Paraguay,Paraguay,Latin America & Caribbean,Upper middle income,1.0,1.0,1.0,1.0,1.0,1.0
PSE,West Bank and Gaza,West Bank and Gaza,Middle East & North Africa,Lower middle income,,,1.0,1.0,1.0,1.0
PYF,French Polynesia,French Polynesia,East Asia & Pacific,High income,1.0,1.0,1.0,1.0,1.0,1.0
QAT,Qatar,Qatar,Middle East & North Africa,High income,2.0,2.0,2.0,2.0,2.0,2.0
ROU,Romania,Romania,Europe & Central Asia,High income,2.0,1.0,1.0,1.0,1.0,1.0
RUS,Russian Federation,Russian Federation,Europe & Central Asia,High income,2.0,1.0,1.0,1.0,1.0,1.0
RWA,Rwanda,Rwanda,Sub-Saharan Africa,Low income,0.0,0.0,0.0,0.0,0.0,0.0
SAU,Saudi Arabia,Saudi Arabia,Middle East & North Africa,High income,1.0,1.0,1.0,1.0,1.0,2.0
SDN,Sudan,Sudan,Sub-Saharan Africa,Low income,0.0,0.0,0.0,0.0,0.0,0.0
SEN,Senegal,Senegal,Sub-Saharan Africa,Lower middle income,0.0,0.0,0.0,0.0,0.0,0.0
SGP,Singapore,Singapore,East Asia & Pacific,High income,2.0,2.0,2.0,2.0,2.0,2.0
SLB,Solomon Islands,Solomon Islands,East Asia & Pacific,Lower middle income,1.0,0.0,0.0,0.0,0.0,0.0
SLE,Sierra Leone,Sierra Leone,Sub-Saharan Africa,Low income,0.0,0.0,0.0,0.0,0.0,0.0
SLV,El Salvador,El Salvador,Latin America & Caribbean,Upper middle income,0.0,0.0,1.0,1.0,1.0,1.0
SMR,San Marino,San Marino,Europe & Central Asia,High income,,2.0,2.0,2.0,2.0,2.0
SOM,"Somalia, Fed. Rep.","Somalia, Fed. Rep.",Sub-Saharan Africa,Low income,0.0,0.0,0.0,0.0,0.0,0.0
SRB,Serbia,Serbia,Europe & Central Asia,Upper middle income,,,,2.0,1.0,1.0
SSD,South Sudan,South Sudan,Sub-Saharan Africa,Low income,0.0,,,,0.0,0.0
STP,São Tomé and Principe,São Tomé and Principe,Sub-Saharan Africa,Lower middle income,1.0,1.0,1.0,1.0,0.0,1.0
SUR,Suriname,Suriname,Latin America & Caribbean,Upper middle income,1.0,1.0,1.0,1.0,1.0,1.0
SVK,Slovak Republic,Slovak Republic,Europe & Central Asia,High income,2.0,1.0,1.0,1.0,2.0,1.0
SVN,Slovenia,Slovenia,Europe & Central Asia,High income,2.0,2.0,1.0,2.0,2.0,2.0
SWE,Sweden,Sweden,Europe & Central Asia,High income,2.0,2.0,2.0,2.0,2.0,2.0
SWZ,Eswatini,Eswatini,Sub-Saharan Africa,Lower middle income,1.0,0.0,0.0,0.0,0.0,0.0
SXM,Sint Maarten (Dutch part),Sint Maarten (Dutch part),Latin America & Caribbean,High income,,,,,2.0,2.0
SYC,Seychelles,Seychelles,Sub-Saharan Africa,High income,1.0,1.0,1.0,1.0,1.0,1.0
SYR,Syrian Arab Republic,Syrian Arab Republic,Middle East & North Africa,Low income,1.0,1.0,1.0,1.0,1.0,0.0
TCA,Turks and Caicos Islands,Turks and Caicos Islands,Latin America & Caribbean,High income,1.0,1.0,1.0,2.0,2.0,2.0
TCD,Chad,Chad,Sub-Saharan Africa,Low income,0.0,0.0,0.0,0.0,0.0,0.0
TGO,Togo,Togo,Sub-Saharan Africa,Lower middle income,0.0,0.0,0.0,0.0,0.0,0.0
THA,Thailand,Thailand,East Asia & Pacific,Upper middle income,1.0,1.0,1.0,1.0,1.0,1.0
TJK,Tajikistan,Tajikistan,Europe & Central Asia,Lower middle income,1.0,0.0,1.0,1.0,1.0,1.0
TKM,Turkmenistan,Turkmenistan,Europe & Central Asia,Upper middle income,1.0,0.0,1.0,1.0,1.0,1.0
TLS,Timor-Leste,Timor-Leste,East Asia & Pacific,Lower middle income,,,0.0,0.0,0.0,0.0
TON,Tonga,Tonga,East Asia & Pacific,Upper middle income,1.0,1.0,1.0,1.0,1.0,1.0
TTO,Trinidad and Tobago,Trinidad and Tobago,Latin America & Caribbean,High income,1.0,1.0,1.0,1.0,1.0,1.0
TUN,Tunisia,Tunisia,Middle East & North Africa,Lower middle income,0.0,1.0,1.0,1.0,1.0,1.0
TUR,Türkiye,Türkiye,Europe & Central Asia,Upper middle income,0.0,0.0,1.0,1.0,1.0,1.0
TUV,Tuvalu,Tuvalu,East Asia & Pacific,Upper middle income,0.0,1.0,1.0,1.0,1.0,1.0
TZA,Tanzania,Tanzania,Sub-Saharan Africa,Lower middle income,0.0,0.0,0.0,0.0,0.0,0.0
UGA,Uganda,Uganda,Sub-Saharan Africa,Low income,0.0,0.0,0.0,0.0,0.0,0.0
UKR,Ukraine,Ukraine,Europe & Central Asia,Upper middle income,2.0,1.0,1.0,1.0,1.0,1.0
URY,Uruguay,Uruguay,Latin America & Caribbean,High income,2.0,1.0,1.0,1.0,1.0,2.0
USA,United States,United States,North America,High income,2.0,2.0,2.0,2.0,2.0,2.0
UZB,Uzbekistan,Uzbekistan,Europe & Central Asia,Lower middle income,1.0,1.0,1.0,1.0,1.0,1.0
VCT,St. Vincent and the Grenadines,St. Vincent and the Grenadines,Latin America & Caribbean,Upper middle income,1.0,1.0,1.0,1.0,1.0,1.0
VEN,"Venezuela, República Bolivariana de","Venezuela, RB",Latin America & Caribbean,Lower middle income,1.0,1.0,1.0,1.0,1.0,1.0
VGB,British Virgin Islands,British Virgin Islands,Latin America & Caribbean,High income,1.0,1.0,1.0,2.0,2.0,2.0
VIR,Virgin Islands (US),Virgin Islands (US),Latin America & Caribbean,High income,1.0,2.0,2.0,2.0,2.0,2.0
VNM,Viet Nam,Viet Nam,East Asia & Pacific,Upper middle income,1.0,1.0,1.0,1.0,1.0,1.0
VUT,Vanuatu,Vanuatu,East Asia & Pacific,Lower middle income,0.0,0.0,1.0,1.0,0.0,0.0
WSM,Samoa,Samoa,East Asia & Pacific,Upper middle income,1.0,1.0,1.0,1.0,1.0,1.0
XKX,Kosovo,Kosovo,Europe & Central Asia,Upper middle income,,,,,1.0,1.0
YEM,"Yemen, Republic of","Yemen, Rep.",Middle East & North Africa,Low income,0.0,0.0,0.0,0.0,0.0,0.0
ZAF,South Africa,South Africa,Sub-Saharan Africa,Upper middle income,1.0,1.0,1.0,1.0,1.0,1.0
ZMB,Zambia,Zambia,Sub-Saharan Africa,Lower middle income,1.0,0.0,0.0,0.0,0.0,0.0
ZWE,Zimbabwe,Zimbabwe,Sub-Saharan Africa,Lower middle income,1.0,0.0,0.0,0.0,0.0,0.0
